M1_TOA_us, M1_STE     , M1_ZCR, M1_PEAK, M2_TOA_us, M2_STE    , M2_ZCR, M2_PEAK, Lokasi
677067696, 2400.63    , 0.09  , 140    , 677062952, 3116.43   , 0.0   , 99     , Dekat Mic2
677560661, 7344.66    , 0.04  , 207    , 677560063, 2860.49   , 0.01  , 85     , Dekat Mic2
678058876, 700.74     , 0.19  , 67     , 678066681, 2152.62   , 0.06  , 96     , Dekat Mic1
678558592, 247930.86  , 0.01  , 1002   , 678566694, 1916.66   , 0.04  , 88     , Dekat Mic1
679061699, 6880.74    , 0.05  , 160    , 679066959, 1061.0    , 0.09  , 88     , Dekat Mic1
679557294, 93206.02   , 0.01  , 523    , 679566336, 1904.25   , 0.04  , 96     , Dekat Mic1
680060968, 6751.05    , 0.07  , 186    , 680065916, 3396.15   , 0.02  , 107    , Dekat Mic1
680560035, 79499.2    , 0.02  , 592    , 680564512, 1925.21   , 0.06  , 105    , Dekat Mic1
681059853, 1376.21    , 0.11  , 100    , 681065107, 2839.38   , 0.05  , 95     , Dekat Mic1
681567600, 421829.78  , 0.02  , 1441   , 681560350, 27586.64  , 0.03  , 375    , Dekat Mic2
682058992, 5181.43    , 0.05  , 143    , 682060725, 3482.71   , 0.02  , 108    , Dekat Mic1
682567727, 805266.19  , 0.0   , 2299   , 682561645, 53138.08  , 0.01  , 478    , Dekat Mic2
683064385, 3477.61    , 0.1   , 132    , 683061919, 4139.61   , 0.0   , 108    , Dekat Mic2
683561487, 1229.49    , 0.08  , 96     , 683559422, 3335.68   , 0.0   , 98     , Dekat Mic2
684060901, 4716.17    , 0.09  , 185    , 684061178, 1651.14   , 0.0   , 72     , Dekat Mic1
684559171, 4491.5     , 0.08  , 141    , 684559849, 1686.09   , 0.05  , 84     , Dekat Mic1
685058815, 11462269.0 , 0.0   , 6855   , 685065583, 776985.81 , 0.01  , 1840   , Dekat Mic1
685563685, 1569.71    , 0.14  , 104    , 685559868, 3060.15   , 0.0   , 89     , Dekat Mic2
686064303, 4309.02    , 0.06  , 151    , 686064363, 1744.06   , 0.0   , 72     , Dekat Mic1
686567268, 5198947.0  , 0.01  , 4660   , 686558062, 91943.59  , 0.04  , 732    , Dekat Mic2
687067409, 1350.21    , 0.14  , 88     , 687060884, 4878.87   , 0.0   , 125    , Dekat Mic2
687565389, 2596.19    , 0.11  , 120    , 687556341, 1264.42   , 0.02  , 75     , Dekat Mic2
688056854, 3974.55    , 0.06  , 154    , 688065522, 2039.8    , 0.07  , 102    , Dekat Mic1
688566206, 11973.97   , 0.03  , 242    , 688561112, 1157.87   , 0.05  , 78     , Dekat Mic2
689063501, 1233560.0  , 0.05  , 4347   , 689066499, 403557.94 , 0.08  , 2082   , Dekat Mic1
689567154, 16535.62   , 0.02  , 246    , 689558107, 3141.85   , 0.0   , 99     , Dekat Mic2
690059263, 5291.16    , 0.03  , 153    , 690065726, 2323.23   , 0.04  , 80     , Dekat Mic1
690567478, 104242.92  , 0.01  , 779    , 690559070, 1114.06   , 0.09  , 88     , Dekat Mic2
691057550, 5004.88    , 0.05  , 141    , 691061406, 3203.19   , 0.0   , 101    , Dekat Mic1
691561554, 8186.36    , 0.03  , 190    , 691563233, 1222.93   , 0.05  , 68     , Dekat Mic1
692067312, 9878.59    , 0.05  , 237    , 692066325, 1281.6    , 0.0   , 66     , Dekat Mic2
692558890, 5362.19    , 0.07  , 144    , 692566584, 2607.87   , 0.0   , 89     , Dekat Mic1
693057523, 12389622.0 , 0.0   , 5592   , 693061660, 170132.94 , 0.0   , 803    , Dekat Mic1
693566310, 4592.62    , 0.04  , 123    , 693566999, 1637.86   , 0.08  , 102    , Dekat Mic1
694057942, 7234.67    , 0.1   , 230    , 694057488, 2892.44   , 0.08  , 109    , Dekat Mic2
694566635, 365977.12  , 0.0   , 1499   , 694566425, 170722.0  , 0.04  , 1126   , Dekat Mic2
695065581, 7603.17    , 0.04  , 191    , 695057483, 2916.82   , 0.0   , 93     , Dekat Mic2
695567733, 52405.21   , 0.02  , 377    , 695557483, 1552.48   , 0.04  , 75     , Dekat Mic2
696057261, 1418008.38 , 0.01  , 2296   , 696061341, 13640.5   , 0.03  , 262    , Dekat Mic1
696557215, 6345.49    , 0.05  , 150    , 696567007, 554.65    , 0.1   , 69     , Dekat Mic1
697063563, 4982.19    , 0.09  , 146    , 697057673, 2751.1    , 0.01  , 109    , Dekat Mic2
697557467, 43761.76   , 0.03  , 414    , 697564525, 2602.42   , 0.0   , 95     , Dekat Mic1
698059229, 1471.62    , 0.18  , 93     , 698064834, 1341.41   , 0.01  , 77     , Dekat Mic1
698563842, 7185.34    , 0.03  , 180    , 698558257, 2326.39   , 0.0   , 83     , Dekat Mic2
699057686, 509062.12  , 0.01  , 1805   , 699056842, 18010.04  , 0.02  , 240    , Dekat Mic2
699560025, 799.19     , 0.15  , 69     , 699557865, 2382.68   , 0.0   , 84     , Dekat Mic2
700059478, 1804.2     , 0.2   , 114    , 700064172, 2323.57   , 0.04  , 81     , Dekat Mic1
700557289, 5510.16    , 0.03  , 154    , 700560408, 3865.31   , 0.0   , 104    , Dekat Mic1
701057625, 779.19     , 0.29  , 110    , 701064611, 2310.27   , 0.0   , 85     , Dekat Mic1
701559852, 6061.27    , 0.04  , 159    , 701560672, 1841.34   , 0.03  , 76     , Dekat Mic1
702059975, 8563.81    , 0.06  , 201    , 702062429, 2066.08   , 0.0   , 84     , Dekat Mic1
702560429, 11679.13   , 0.04  , 238    , 702564580, 2796.07   , 0.0   , 109    , Dekat Mic1
703057914, 1857.48    , 0.12  , 109    , 703065799, 3132.4    , 0.03  , 94     , Dekat Mic1
703557976, 13382.56   , 0.03  , 265    , 703565859, 2828.16   , 0.03  , 108    , Dekat Mic1
704059741, 2910.83    , 0.1   , 124    , 704066619, 1141.59   , 0.1   , 76     , Dekat Mic1
704564650, 9535.73    , 0.06  , 220    , 704563542, 1673.79   , 0.03  , 84     , Dekat Mic2
705063338, 6290.99    , 0.02  , 167    , 705056713, 1031.05   , 0.06  , 82     , Dekat Mic2
705558887, 3572325.75 , 0.0   , 3169   , 705561239, 80555.97  , 0.01  , 624    , Dekat Mic1
706057131, 8775.61    , 0.04  , 219    , 706066582, 965.48    , 0.09  , 73     , Dekat Mic1
706566927, 6392.19    , 0.03  , 169    , 706557350, 1916.11   , 0.16  , 96     , Dekat Mic2
707059322, 12285.31   , 0.03  , 246    , 707063556, 1009.61   , 0.09  , 69     , Dekat Mic1
707559516, 24825.96   , 0.01  , 277    , 707564234, 1615.64   , 0.03  , 81     , Dekat Mic1
708056939, 1529.12    , 0.1   , 93     , 708065641, 3745.62   , 0.01  , 101    , Dekat Mic1
708561133, 3441.53    , 0.06  , 140    , 708557096, 1251.17   , 0.09  , 78     , Dekat Mic2
709056912, 1193829.12 , 0.01  , 2474   , 709057730, 13975.56  , 0.03  , 257    , Dekat Mic1
709563555, 8920.18    , 0.02  , 181    , 709563483, 2328.42   , 0.1   , 102    , Dekat Mic2
710058863, 15347.63   , 0.02  , 231    , 710056250, 2392.04   , 0.01  , 105    , Dekat Mic2
710559785, 1137629.12 , 0.01  , 2175   , 710562344, 26504.53  , 0.02  , 307    , Dekat Mic1
711062636, 1949.13    , 0.09  , 93     , 711060433, 1753.41   , 0.0   , 79     , Dekat Mic2
711567110, 5899.71    , 0.1   , 156    , 711556299, 1571.29   , 0.04  , 84     , Dekat Mic2
712059067, 1058474.25 , 0.0   , 2468   , 712066522, 33116.2   , 0.01  , 401    , Dekat Mic1
712567664, 2124.89    , 0.16  , 136    , 712559708, 480.02    , 0.06  , 49     , Dekat Mic2
713060973, 3180.96    , 0.05  , 122    , 713057346, 907.53    , 0.14  , 74     , Dekat Mic2
713565196, 4580.86    , 0.07  , 162    , 713556570, 1500.58   , 0.01  , 75     , Dekat Mic2
714057080, 7384.52    , 0.04  , 185    , 714066711, 1426.67   , 0.13  , 85     , Dekat Mic1
714565494, 2730.67    , 0.08  , 128    , 714565789, 3044.85   , 0.03  , 102    , Dekat Mic1
715057500, 10190.35   , 0.06  , 254    , 715056420, 121.14    , 0.41  , 37     , Dekat Mic2
715564529, 3394598.25 , 0.0   , 3277   , 715558974, 54487.22  , 0.03  , 499    , Dekat Mic2
716057869, 4403.3     , 0.03  , 152    , 716057680, 2933.44   , 0.0   , 89     , Dekat Mic2
716565187, 10008.77   , 0.04  , 235    , 716561015, 3410.71   , 0.0   , 102    , Dekat Mic2
717063142, 212422.39  , 0.0   , 860    , 717057891, 27898.32  , 0.02  , 340    , Dekat Mic2
717562784, 2710.04    , 0.08  , 116    , 717565900, 1325.02   , 0.05  , 74     , Dekat Mic1
718058164, 4107.86    , 0.07  , 134    , 718056523, 2069.41   , 0.0   , 77     , Dekat Mic2
718560318, 14250218.0 , 0.0   , 7101   , 718561338, 324002.62 , 0.01  , 1070   , Dekat Mic1
719064562, 14223.25   , 0.03  , 250    , 719065020, 2126.73   , 0.06  , 95     , Dekat Mic1
719566217, 2545.65    , 0.07  , 105    , 719557159, 1225.73   , 0.03  , 71     , Dekat Mic2
720060775, 3107.85    , 0.05  , 133    , 720066521, 812.99    , 0.07  , 77     , Dekat Mic1
720566093, 5609.27    , 0.09  , 188    , 720556839, 1256.15   , 0.04  , 81     , Dekat Mic2
721062112, 1261.77    , 0.09  , 91     , 721059688, 2669.22   , 0.03  , 87     , Dekat Mic2
721563271, 3370.97    , 0.1   , 146    , 721560216, 1431.39   , 0.07  , 69     , Dekat Mic2
722067988, 2706.71    , 0.17  , 531    , 722065337, 1961.92   , 0.09  , 85     , Dekat Mic2
722567193, 1829.35    , 0.06  , 103    , 722565105, 2459.4    , 0.02  , 102    , Dekat Mic2
723065689, 1936.93    , 0.16  , 109    , 723057134, 1144.5    , 0.05  , 67     , Dekat Mic2
723559279, 1718.91    , 0.17  , 105    , 723564471, 2045.36   , 0.06  , 85     , Dekat Mic1
724067545, 94159.23   , 0.03  , 570    , 724059526, 3662.04   , 0.03  , 128    , Dekat Mic2
724563908, 3086.77    , 0.06  , 116    , 724556304, 909.71    , 0.06  , 66     , Dekat Mic2
725061477, 992.69     , 0.1   , 79     , 725056244, 1064.87   , 0.11  , 73     , Dekat Mic2
725561224, 2690.69    , 0.08  , 110    , 725560708, 2416.11   , 0.0   , 77     , Dekat Mic2
726060418, 94201.82   , 0.02  , 570    , 726066539, 1704.51   , 0.04  , 84     , Dekat Mic1
726561392, 4363.53    , 0.07  , 163    , 726562397, 2831.84   , 0.03  , 93     , Dekat Mic1
727060035, 945.42     , 0.13  , 72     , 727057019, 2503.36   , 0.0   , 85     , Dekat Mic2
727558199, 323458.47  , 0.0   , 1191   , 727559059, 5369.84   , 0.07  , 132    , Dekat Mic1
728057390, 2676.4     , 0.06  , 142    , 728065065, 1707.11   , 0.15  , 84     , Dekat Mic1
728566886, 582.79     , 0.18  , 62     , 728566706, 905.78    , 0.06  , 70     , Dekat Mic2
729062122, 127497744.0, 0.01  , 19927  , 729057110, 3478700.0 , 0.01  , 4686   , Dekat Mic2
729562372, 1424.34    , 0.1   , 92     , 729564223, 1593.41   , 0.05  , 78     , Dekat Mic1
730064355, 3632.83    , 0.06  , 128    , 730059548, 1878.77   , 0.0   , 82     , Dekat Mic2
730559692, 1603.6     , 0.04  , 80     , 730560548, 1450.58   , 0.0   , 73     , Dekat Mic1
731058422, 5638648.0  , 0.0   , 4687   , 731061877, 56440.52  , 0.02  , 405    , Dekat Mic1
731565801, 5566.68    , 0.04  , 171    , 731566206, 3973.06   , 0.0   , 92     , Dekat Mic1
732064338, 3876.18    , 0.05  , 136    , 732066285, 693.28    , 0.07  , 68     , Dekat Mic1
732563992, 2532.94    , 0.11  , 121    , 732566665, 648.59    , 0.04  , 53     , Dekat Mic1
733067351, 2884.0     , 0.06  , 112    , 733058378, 1449.61   , 0.01  , 72     , Dekat Mic2
733558526, 327609.0   , 0.01  , 827    , 733560918, 2259.18   , 0.05  , 91     , Dekat Mic1
734065092, 1687.69    , 0.1   , 105    , 734056726, 1876.65   , 0.04  , 78     , Dekat Mic2
734567694, 3047.01    , 0.03  , 117    , 734558575, 1430.58   , 0.09  , 83     , Dekat Mic2
735057121, 1853092.12 , 0.0   , 2582   , 735058047, 24242.73  , 0.02  , 410    , Dekat Mic1
735562022, 2067.29    , 0.06  , 91     , 735558458, 716.91    , 0.1   , 58     , Dekat Mic2
736058808, 6915.08    , 0.03  , 153    , 736056480, 2422.86   , 0.0   , 105    , Dekat Mic2
736563928, 1122.33    , 0.1   , 89     , 736559517, 3157.5    , 0.0   , 91     , Dekat Mic2
737058022, 34596.2    , 0.0   , 300    , 737063653, 263.79    , 0.23  , 46     , Dekat Mic1
737565557, 7811.61    , 0.03  , 171    , 737561439, 1301.18   , 0.06  , 74     , Dekat Mic2
738057564, 1860.62    , 0.17  , 119    , 738057436, 2052.74   , 0.0   , 91     , Dekat Mic2
738560258, 1023.94    , 0.15  , 82     , 738565277, 3160.9    , 0.0   , 88     , Dekat Mic1
739057429, 2290.18    , 0.06  , 114    , 739057302, 816.38    , 0.02  , 61     , Dekat Mic2
739564467, 444.82     , 0.26  , 66     , 739559776, 3431.36   , 0.0   , 94     , Dekat Mic2
740061064, 860.7      , 0.09  , 66     , 740057824, 3224.51   , 0.0   , 99     , Dekat Mic2
740557868, 6503631.0  , 0.0   , 4779   , 740556638, 42590.35  , 0.01  , 346    , Dekat Mic2
741058686, 7000.7     , 0.01  , 146    , 741065008, 3711.51   , 0.02  , 98     , Dekat Mic1
741561288, 1427.96    , 0.08  , 88     , 741558888, 2401.41   , 0.0   , 91     , Dekat Mic2
742065909, 2408.38    , 0.06  , 111    , 742060445, 1451.84   , 0.04  , 74     , Dekat Mic2
742558509, 70958.19   , 0.03  , 616    , 742564083, 8781.24   , 0.04  , 187    , Dekat Mic1
743067850, 1139.33    , 0.09  , 77     , 743058918, 1422.91   , 0.05  , 75     , Dekat Mic2
743567352, 1116.37    , 0.11  , 80     , 743556600, 398.58    , 0.09  , 54     , Dekat Mic2
744056938, 1128.62    , 0.1   , 84     , 744058493, 2171.46   , 0.0   , 78     , Dekat Mic1
744562991, 469.1      , 0.2   , 64     , 744556082, 1316.17   , 0.0   , 69     , Dekat Mic2
745064939, 1345.02    , 0.15  , 106    , 745060935, 3009.86   , 0.0   , 95     , Dekat Mic2
745561853, 2819.65    , 0.02  , 100    , 745566682, 1474.36   , 0.05  , 78     , Dekat Mic1
746057556, 612732.94  , 0.04  , 1462   , 746056960, 7620.5    , 0.05  , 216    , Dekat Mic2
746559255, 1514.73    , 0.14  , 87     , 746556400, 1288.55   , 0.0   , 67     , Dekat Mic2
747057964, 7277.89    , 0.12  , 184    , 747060244, 3032.21   , 0.0   , 84     , Dekat Mic1
747565867, 36130436.0 , 0.01  , 15651  , 747564814, 1720950.5 , 0.01  , 3207   , Dekat Mic2
748063725, 1382.25    , 0.11  , 84     , 748064244, 3998.29   , 0.0   , 104    , Dekat Mic1
748565945, 1236.88    , 0.09  , 91     , 748556218, 2248.34   , 0.0   , 83     , Dekat Mic2
749060200, 966.52     , 0.09  , 73     , 749064735, 3326.65   , 0.06  , 101    , Dekat Mic1
749567228, 2109.1     , 0.07  , 139    , 749559096, 595.14    , 0.08  , 60     , Dekat Mic2
750058631, 1138.6     , 0.13  , 91     , 750064365, 3671.65   , 0.0   , 91     , Dekat Mic1
750566731, 4482.95    , 0.08  , 168    , 750559382, 4528.26   , 0.0   , 95     , Dekat Mic2
751059997, 91100.32   , 0.01  , 515    , 751066954, 593.72    , 0.17  , 64     , Dekat Mic1
751565044, 1661.37    , 0.13  , 98     , 751562580, 1723.14   , 0.06  , 76     , Dekat Mic2
752058137, 1029.51    , 0.11  , 88     , 752060557, 1026.23   , 0.02  , 65     , Dekat Mic1
752560645, 636091.31  , 0.01  , 1924   , 752565985, 36786.32  , 0.01  , 336    , Dekat Mic1
753062866, 4011.93    , 0.04  , 124    , 753066747, 1471.71   , 0.03  , 77     , Dekat Mic1
753564623, 2433.04    , 0.13  , 135    , 753557369, 580.22    , 0.02  , 52     , Dekat Mic2
754059859, 4596.13    , 0.04  , 138    , 754066872, 813.46    , 0.07  , 56     , Dekat Mic1
754566680, 300606.34  , 0.0   , 797    , 754558587, 4014.15   , 0.02  , 104    , Dekat Mic2
755060367, 1317.62    , 0.12  , 85     , 755059456, 2699.09   , 0.0   , 83     , Dekat Mic2
755564357, 6789.47    , 0.04  , 149    , 755556685, 1117.52   , 0.05  , 90     , Dekat Mic2
756062490, 4192.1     , 0.04  , 149    , 756057102, 1090.43   , 0.04  , 70     , Dekat Mic2
756567756, 2098.07    , 0.07  , 102    , 756556500, 1587.36   , 0.06  , 85     , Dekat Mic2
757061276, 1727.09    , 0.08  , 119    , 757060423, 2928.19   , 0.0   , 97     , Dekat Mic2
757559478, 2120.32    , 0.06  , 117    , 757556715, 1132.83   , 0.01  , 80     , Dekat Mic2
758061620, 3535.86    , 0.07  , 134    , 758067014, 1561.75   , 0.06  , 86     , Dekat Mic1
758563884, 5104.34    , 0.11  , 154    , 758563059, 1531.95   , 0.02  , 66     , Dekat Mic2
759058112, 4640985.0  , 0.0   , 4480   , 759057183, 41407.79  , 0.04  , 413    , Dekat Mic2
759558504, 3765.75    , 0.06  , 146    , 759561899, 2608.86   , 0.06  , 99     , Dekat Mic1
760067875, 1751.54    , 0.08  , 100    , 760057216, 2528.17   , 0.0   , 87     , Dekat Mic2
760559264, 12085.25   , 0.02  , 187    , 760560261, 1091.31   , 0.04  , 69     , Dekat Mic1
761057411, 1109.22    , 0.09  , 105    , 761066941, 1136.89   , 0.09  , 77     , Dekat Mic1
761563562, 19878.91   , 0.02  , 281    , 761563274, 4176.29   , 0.0   , 117    , Dekat Mic2
762060347, 29393.69   , 0.01  , 334    , 762057691, 2486.46   , 0.02  , 96     , Dekat Mic2
762560249, 977.56     , 0.11  , 72     , 762567334, 1075.27   , 0.08  , 83     , Dekat Mic1
763060750, 8870.49    , 0.02  , 215    , 763059795, 4177.73   , 0.0   , 107    , Dekat Mic2
763558162, 4574322.0  , 0.0   , 3704   , 763556477, 81743.77  , 0.02  , 653    , Dekat Mic2
764058528, 4699.7     , 0.12  , 163    , 764065010, 3121.92   , 0.0   , 91     , Dekat Mic1
764564021, 1707.35    , 0.1   , 94     , 764560169, 3386.52   , 0.0   , 93     , Dekat Mic2
765065617, 1746.97    , 0.08  , 96     , 765066714, 485.15    , 0.12  , 71     , Dekat Mic1
765559952, 97006.11   , 0.01  , 649    , 765562356, 1637.48   , 0.04  , 79     , Dekat Mic1
766060686, 2303.43    , 0.06  , 95     , 766056379, 1571.91   , 0.01  , 79     , Dekat Mic2
766557961, 1791.37    , 0.09  , 89     , 766563489, 2564.14   , 0.0   , 81     , Dekat Mic1
767057084, 1004602.5  , 0.0   , 1938   , 767064843, 88919.72  , 0.01  , 672    , Dekat Mic1
767561256, 2031.5     , 0.1   , 140    , 767556931, 1265.51   , 0.03  , 92     , Dekat Mic2
768057244, 1615.81    , 0.11  , 109    , 768063788, 3935.71   , 0.0   , 99     , Dekat Mic1
768559613, 459.86     , 0.27  , 64     , 768565947, 1663.41   , 0.05  , 86     , Dekat Mic1
769067015, 1659461.62 , 0.01  , 3470   , 769066315, 64856.84  , 0.0   , 576    , Dekat Mic2
769562761, 3733.21    , 0.09  , 127    , 769562645, 3163.21   , 0.08  , 109    , Dekat Mic2
770065150, 1267.44    , 0.14  , 101    , 770061418, 3878.7    , 0.0   , 100    , Dekat Mic2
770557048, 17791.89   , 0.05  , 346    , 770557596, 3600.17   , 0.11  , 141    , Dekat Mic1
771067388, 1811.98    , 0.07  , 101    , 771064757, 2647.04   , 0.0   , 91     , Dekat Mic2
771558370, 1359.75    , 0.13  , 86     , 771557961, 1810.47   , 0.09  , 99     , Dekat Mic2
772060680, 5657686.5  , 0.01  , 3743   , 772056481, 339537.0  , 0.01  , 1353   , Dekat Mic2
772559998, 711.16     , 0.14  , 61     , 772556577, 408.6     , 0.1   , 64     , Dekat Mic2
773060556, 1570.78    , 0.16  , 119    , 773056653, 656.78    , 0.13  , 65     , Dekat Mic2
773560928, 2801.5     , 0.06  , 127    , 773562508, 3386.22   , 0.06  , 98     , Dekat Mic1
774062873, 2382345.0  , 0.0   , 2267   , 774056468, 21695.8   , 0.02  , 305    , Dekat Mic2
774565641, 1526.22    , 0.1   , 86     , 774559502, 4433.08   , 0.0   , 99     , Dekat Mic2
775062491, 971.25     , 0.11  , 79     , 775057244, 2658.31   , 0.0   , 102    , Dekat Mic2
775560822, 5035688.5  , 0.01  , 4621   , 775564998, 397230.34 , 0.0   , 1410   , Dekat Mic1
776060638, 960.8      , 0.17  , 87     , 776057327, 1769.96   , 0.0   , 83     , Dekat Mic2
776560426, 3620.52    , 0.08  , 134    , 776556620, 585.4     , 0.08  , 64     , Dekat Mic2
777065774, 1700.46    , 0.12  , 118    , 777057021, 1565.48   , 0.0   , 76     , Dekat Mic2
777563284, 1250660.25 , 0.01  , 2460   , 777566833, 70006.31  , 0.01  , 617    , Dekat Mic1
778057793, 3155.25    , 0.08  , 150    , 778061516, 4939.88   , 0.01  , 105    , Dekat Mic1
778562703, 838.07     , 0.14  , 76     , 778557429, 1291.26   , 0.03  , 83     , Dekat Mic2
779064645, 908.34     , 0.17  , 71     , 779062110, 5051.86   , 0.0   , 114    , Dekat Mic2
779557330, 1440.64    , 0.11  , 90     , 779556795, 1064.53   , 0.05  , 84     , Dekat Mic2
780065752, 1816.42    , 0.07  , 89     , 780056769, 3219.59   , 0.0   , 91     , Dekat Mic2
780560938, 1776.67    , 0.07  , 98     , 780562205, 3353.36   , 0.0   , 91     , Dekat Mic1
781058531, 2535227.0  , 0.0   , 2732   , 781062268, 32835.0   , 0.02  , 425    , Dekat Mic1
781557972, 1622.55    , 0.16  , 99     , 781556763, 1207.49   , 0.06  , 85     , Dekat Mic2
782065205, 1298.64    , 0.19  , 103    , 782056760, 423.58    , 0.27  , 55     , Dekat Mic2
782565902, 2689.55    , 0.06  , 123    , 782556313, 1302.87   , 0.08  , 83     , Dekat Mic2
783066240, 19115618.0 , 0.0   , 8447   , 783061889, 496277.47 , 0.01  , 1508   , Dekat Mic2
783565216, 2136.96    , 0.08  , 100    , 783556150, 610.7     , 0.14  , 67     , Dekat Mic2
784057014, 1248.85    , 0.14  , 92     , 784057460, 1626.31   , 0.0   , 66     , Dekat Mic1
784557226, 579.33     , 0.21  , 60     , 784556696, 1895.81   , 0.0   , 77     , Dekat Mic2
785057119, 538.2      , 0.26  , 74     , 785065732, 2864.06   , 0.06  , 93     , Dekat Mic1
785566971, 819.62     , 0.16  , 74     , 785561834, 3526.76   , 0.0   , 88     , Dekat Mic2
786066075, 2048.89    , 0.08  , 93     , 786058382, 2907.96   , 0.0   , 85     , Dekat Mic2
786560768, 131896.58  , 0.01  , 654    , 786566792, 2594.73   , 0.02  , 109    , Dekat Mic1
787067513, 655.14     , 0.14  , 68     , 787056217, 1161.77   , 0.05  , 76     , Dekat Mic2
787566356, 882.71     , 0.15  , 71     , 787561899, 5015.39   , 0.0   , 104    , Dekat Mic2
788060599, 86404.16   , 0.01  , 622    , 788058255, 4399.18   , 0.08  , 138    , Dekat Mic2
788565225, 894.29     , 0.1   , 78     , 788556784, 1024.97   , 0.2   , 69     , Dekat Mic2
789063352, 2367.84    , 0.15  , 129    , 789058380, 4431.32   , 0.0   , 110    , Dekat Mic2
789560341, 3443.42    , 0.09  , 124    , 789563644, 3451.13   , 0.01  , 99     , Dekat Mic1
790066430, 1593748.88 , 0.01  , 2684   , 790061564, 97371.8   , 0.01  , 693    , Dekat Mic2
790567027, 2621.55    , 0.09  , 121    , 790566850, 1523.81   , 0.07  , 95     , Dekat Mic2
791066023, 634.92     , 0.19  , 64     , 791056542, 3061.62   , 0.0   , 111    , Dekat Mic2
791560445, 73703.45   , 0.02  , 550    , 791564177, 4240.22   , 0.04  , 143    , Dekat Mic1
792057215, 1005.86    , 0.09  , 77     , 792066705, 1358.1    , 0.07  , 78     , Dekat Mic1
792564504, 748.84     , 0.12  , 60     , 792556759, 4187.27   , 0.0   , 102    , Dekat Mic2
793060868, 842.83     , 0.21  , 89     , 793059995, 3870.41   , 0.0   , 98     , Dekat Mic2
793561285, 1132.16    , 0.06  , 86     , 793562460, 2948.05   , 0.0   , 81     , Dekat Mic1
794065427, 508.56     , 0.23  , 67     , 794067066, 1683.03   , 0.09  , 88     , Dekat Mic1
794557841, 1916.29    , 0.11  , 121    , 794556465, 1945.7    , 0.06  , 87     , Dekat Mic2
795063014, 2022182.88 , 0.0   , 2795   , 795066818, 84218.72  , 0.01  , 527    , Dekat Mic1
795559917, 2659.73    , 0.11  , 126    , 795559654, 3802.43   , 0.0   , 108    , Dekat Mic2
796057936, 7018.18    , 0.04  , 163    , 796059949, 3509.44   , 0.0   , 105    , Dekat Mic1
796564316, 107184096.0, 0.01  , 18926  , 796562775, 2726473.25, 0.01  , 3413   , Dekat Mic2
797058125, 3371.36    , 0.09  , 154    , 797059503, 705.9     , 0.12  , 58     , Dekat Mic1
797562110, 636.43     , 0.15  , 90     , 797562229, 4039.21   , 0.0   , 94     , Dekat Mic1
798059463, 2064.78    , 0.1   , 111    , 798066384, 2086.4    , 0.09  , 100    , Dekat Mic1
798564218, 1868298.5  , 0.01  , 2710   , 798560064, 23484.73  , 0.01  , 342    , Dekat Mic2
799067409, 2002.51    , 0.17  , 118    , 799056705, 465.61    , 0.21  , 59     , Dekat Mic2
799565533, 2212.46    , 0.07  , 105    , 799559276, 3911.23   , 0.0   , 111    , Dekat Mic2
800067901, 555.75     , 0.23  , 73     , 800060681, 2962.74   , 0.0   , 92     , Dekat Mic2
800557642, 48620.21   , 0.02  , 411    , 800560875, 2514.63   , 0.0   , 90     , Dekat Mic1
801061165, 2972.28    , 0.14  , 135    , 801057209, 1063.54   , 0.01  , 70     , Dekat Mic2
801566860, 588.11     , 0.2   , 71     , 801562189, 4527.7    , 0.0   , 98     , Dekat Mic2
802060774, 4416.98    , 0.05  , 131    , 802061927, 3389.19   , 0.0   , 99     , Dekat Mic1
802561241, 3184.46    , 0.09  , 124    , 802561819, 3665.79   , 0.0   , 95     , Dekat Mic1
803065849, 1626.98    , 0.11  , 106    , 803056169, 1144.41   , 0.05  , 71     , Dekat Mic2
803567196, 3497.43    , 0.04  , 141    , 803556477, 1599.88   , 0.04  , 92     , Dekat Mic2
804065071, 4616731.0  , 0.0   , 4381   , 804059333, 51838.96  , 0.01  , 410    , Dekat Mic2
804560075, 2706.32    , 0.1   , 111    , 804559880, 741.37    , 0.0   , 60     , Dekat Mic2
805060324, 10123.08   , 0.06  , 223    , 805061762, 1712.96   , 0.05  , 72     , Dekat Mic1
805557207, 6901059.0  , 0.02  , 5500   , 805564622, 431744.59 , 0.01  , 1512   , Dekat Mic1
806059197, 717.39     , 0.19  , 72     , 806060123, 2524.95   , 0.01  , 80     , Dekat Mic1
806562709, 1097.41    , 0.17  , 87     , 806557340, 3293.94   , 0.0   , 86     , Dekat Mic2
807057083, 962.88     , 0.09  , 94     , 807062657, 2471.83   , 0.0   , 82     , Dekat Mic1
807556971, 5911.92    , 0.08  , 161    , 807559028, 2624.83   , 0.0   , 90     , Dekat Mic1
808065978, 1842.51    , 0.11  , 110    , 808056358, 450.73    , 0.09  , 56     , Dekat Mic2
808558435, 5820.68    , 0.02  , 155    , 808556339, 1530.01   , 0.08  , 73     , Dekat Mic2
809058650, 23760810.0 , 0.01  , 10298  , 809058221, 310042.5  , 0.01  , 1379   , Dekat Mic2
809566707, 1645.54    , 0.13  , 95     , 809562119, 4439.31   , 0.0   , 93     , Dekat Mic2
810064151, 589.42     , 0.24  , 67     , 810057196, 3381.25   , 0.0   , 94     , Dekat Mic2
810565951, 5856.75    , 0.03  , 159    , 810566281, 1536.41   , 0.08  , 92     , Dekat Mic1
811057217, 458738.81  , 0.01  , 1590   , 811062194, 1507.27   , 0.11  , 103    , Dekat Mic1
811562786, 6336850.5  , 0.0   , 4044   , 811561043, 51249.3   , 0.01  , 481    , Dekat Mic2
812057822, 1971.04    , 0.11  , 110    , 812056443, 428.12    , 0.09  , 50     , Dekat Mic2
812564632, 4441.22    , 0.04  , 123    , 812556982, 1809.14   , 0.04  , 74     , Dekat Mic2
813057807, 87055.34   , 0.01  , 604    , 813066147, 1457.26   , 0.12  , 98     , Dekat Mic1
813564582, 1011.9     , 0.15  , 80     , 813556784, 869.17    , 0.02  , 69     , Dekat Mic2
814067662, 1477.73    , 0.14  , 110    , 814063874, 4400.2    , 0.02  , 108    , Dekat Mic2
814566021, 28581300.0 , 0.01  , 10160  , 814560879, 707366.88 , 0.0   , 1978   , Dekat Mic2
815065853, 2107.13    , 0.21  , 105    , 815065603, 907.54    , 0.12  , 72     , Dekat Mic2
815559797, 550.57     , 0.21  , 86     , 815566727, 2657.74   , 0.0   , 97     , Dekat Mic1
816058938, 1793.7     , 0.06  , 95     , 816056964, 2455.72   , 0.08  , 94     , Dekat Mic2
816557226, 3029.97    , 0.05  , 153    , 816557993, 3132.13   , 0.0   , 80     , Dekat Mic1
817060588, 1005.81    , 0.13  , 79     , 817058458, 3363.51   , 0.0   , 90     , Dekat Mic2
817561257, 485.79     , 0.19  , 63     , 817559548, 862.74    , 0.03  , 58     , Dekat Mic2
818064111, 91605.64   , 0.02  , 547    , 818057873, 7644.58   , 0.03  , 187    , Dekat Mic2
818566741, 1781.94    , 0.13  , 102    , 818564976, 4264.79   , 0.0   , 96     , Dekat Mic2
819067172, 760.77     , 0.18  , 79     , 819063930, 4465.04   , 0.0   , 103    , Dekat Mic2
819565483, 1735.25    , 0.08  , 111    , 819557989, 718.19    , 0.04  , 54     , Dekat Mic2
820061420, 4531601.5  , 0.0   , 3523   , 820060358, 8359.38   , 0.02  , 220    , Dekat Mic2
820564426, 2179.58    , 0.07  , 108    , 820561714, 2725.51   , 0.0   , 85     , Dekat Mic2
821064254, 1297.02    , 0.18  , 103    , 821056909, 473.11    , 0.08  , 56     , Dekat Mic2
821568052, 168125.78  , 0.02  , 1018   , 821566697, 38765.34  , 0.01  , 615    , Dekat Mic2
822064921, 438.64     , 0.29  , 59     , 822056805, 2426.26   , 0.0   , 101    , Dekat Mic2
822565735, 1279.76    , 0.07  , 78     , 822556336, 900.67    , 0.03  , 67     , Dekat Mic2
823064979, 1236.35    , 0.06  , 84     , 823057662, 1953.0    , 0.0   , 77     , Dekat Mic2
823558599, 241347.28  , 0.03  , 917    , 823563495, 3013.1    , 0.01  , 125    , Dekat Mic1
824058784, 1220.56    , 0.08  , 77     , 824056384, 837.59    , 0.01  , 62     , Dekat Mic2
824562779, 5627.64    , 0.09  , 146    , 824565213, 1557.56   , 0.04  , 74     , Dekat Mic1
825066205, 45000.06   , 0.02  , 416    , 825060203, 2545.15   , 0.07  , 112    , Dekat Mic2
825560494, 2444.67    , 0.09  , 102    , 825566370, 2839.59   , 0.0   , 97     , Dekat Mic1
826059447, 2416.14    , 0.08  , 110    , 826056272, 756.25    , 0.25  , 77     , Dekat Mic2
826557193, 25466710.0 , 0.0   , 11615  , 826556850, 275066.97 , 0.01  , 1472   , Dekat Mic2
827060137, 4871.98    , 0.06  , 122    , 827066048, 1789.69   , 0.04  , 80     , Dekat Mic1
827566225, 7802.65    , 0.06  , 178    , 827556813, 1561.13   , 0.1   , 103    , Dekat Mic2
828062305, 1446.88    , 0.09  , 92     , 828056392, 1554.19   , 0.0   , 84     , Dekat Mic2
828559196, 392727.84  , 0.01  , 1346   , 828557294, 1774.34   , 0.16  , 114    , Dekat Mic2
829060538, 2000.86    , 0.09  , 103    , 829061679, 3995.11   , 0.01  , 115    , Dekat Mic1
829567350, 2235.09    , 0.04  , 101    , 829563516, 2955.42   , 0.0   , 84     , Dekat Mic2
830065364, 186851.64  , 0.0   , 712    , 830057812, 6513.31   , 0.05  , 146    , Dekat Mic2
830557078, 3018.19    , 0.09  , 164    , 830557628, 655.36    , 0.11  , 68     , Dekat Mic1
831059170, 1960.52    , 0.04  , 106    , 831061640, 3412.37   , 0.0   , 94     , Dekat Mic1
831566496, 3691.19    , 0.01  , 119    , 831559274, 3181.33   , 0.0   , 99     , Dekat Mic2
832057193, 2795.23    , 0.05  , 109    , 832058663, 2744.21   , 0.03  , 113    , Dekat Mic1
832557487, 7809.97    , 0.04  , 211    , 832562182, 2388.54   , 0.0   , 91     , Dekat Mic1
833066446, 1062.39    , 0.12  , 80     , 833066226, 2102.46   , 0.07  , 95     , Dekat Mic2
833566087, 3321.96    , 0.08  , 140    , 833557809, 1239.9    , 0.06  , 73     , Dekat Mic2
834064967, 11782.43   , 0.04  , 249    , 834058359, 3184.79   , 0.0   , 107    , Dekat Mic2
834557671, 867.35     , 0.17  , 83     , 834558250, 4238.96   , 0.0   , 108    , Dekat Mic1
835065411, 2030.77    , 0.04  , 104    , 835057404, 3186.26   , 0.0   , 89     , Dekat Mic2
835560092, 555748.88  , 0.01  , 1739   , 835564197, 13454.71  , 0.02  , 262    , Dekat Mic1
836057810, 7159.58    , 0.05  , 194    , 836058958, 4560.24   , 0.0   , 110    , Dekat Mic1
836558573, 2866.89    , 0.05  , 116    , 836556609, 2928.14   , 0.0   , 101    , Dekat Mic2
837066935, 8492.39    , 0.11  , 195    , 837066858, 3638.97   , 0.0   , 94     , Dekat Mic2
837557306, 5537.07    , 0.08  , 166    , 837559025, 1327.89   , 0.12  , 77     , Dekat Mic1
838058822, 5599.22    , 0.06  , 156    , 838065585, 1404.3    , 0.07  , 82     , Dekat Mic1
838565382, 2367.09    , 0.04  , 99     , 838566623, 1075.84   , 0.08  , 77     , Dekat Mic1
839058231, 457137.12  , 0.01  , 1631   , 839056753, 52881.08  , 0.01  , 423    , Dekat Mic2
839565471, 1625.39    , 0.04  , 90     , 839565295, 3223.78   , 0.04  , 99     , Dekat Mic2
840067902, 9168.77    , 0.04  , 248    , 840065069, 1307.38   , 0.04  , 72     , Dekat Mic2
840562107, 1159.29    , 0.05  , 73     , 840556752, 643.74    , 0.15  , 65     , Dekat Mic2
841057398, 3498636.75 , 0.0   , 4232   , 841056319, 151576.42 , 0.01  , 909    , Dekat Mic2
841561338, 23268.34   , 0.04  , 288    , 841566127, 3357.33   , 0.02  , 98     , Dekat Mic1
842058739, 22044.9    , 0.01  , 301    , 842060529, 1371.46   , 0.06  , 98     , Dekat Mic1
842559528, 5941155.0  , 0.0   , 5577   , 842558370, 250988.77 , 0.01  , 1139   , Dekat Mic2
843058201, 36200.89   , 0.01  , 416    , 843065556, 2702.61   , 0.04  , 112    , Dekat Mic1
843565563, 26878.05   , 0.01  , 259    , 843557040, 945.62    , 0.08  , 80     , Dekat Mic2
844064017, 51151.1    , 0.01  , 407    , 844063814, 5065.15   , 0.0   , 142    , Dekat Mic2
844563876, 3031589.0  , 0.0   , 2787   , 844559822, 8566.19   , 0.05  , 220    , Dekat Mic2
845060926, 4408.35    , 0.08  , 171    , 845061290, 980.67    , 0.03  , 67     , Dekat Mic1
845567369, 2726.45    , 0.14  , 171    , 845558979, 1446.17   , 0.07  , 83     , Dekat Mic2
846066761, 140884.38  , 0.09  , 1942   , 846066549, 18961.89  , 0.02  , 710    , Dekat Mic2
846558352, 15912.81   , 0.03  , 281    , 846561879, 2473.45   , 0.0   , 79     , Dekat Mic1
847057110, 9043.26    , 0.02  , 156    , 847064876, 1773.78   , 0.09  , 91     , Dekat Mic1
847565728, 14651.4    , 0.03  , 243    , 847564864, 1190.57   , 0.03  , 66     , Dekat Mic2
848059193, 2995672.0  , 0.0   , 3416   , 848056276, 70938.28  , 0.02  , 777    , Dekat Mic2
848558106, 6033.25    , 0.02  , 166    , 848562896, 4789.69   , 0.0   , 113    , Dekat Mic1
849058000, 4984.24    , 0.08  , 151    , 849066492, 2689.59   , 0.05  , 99     , Dekat Mic1
849563290, 59671672.0 , 0.01  , 17069  , 849563400, 1780092.38, 0.01  , 2631   , Dekat Mic1
850057938, 17925.2    , 0.01  , 260    , 850064323, 2997.47   , 0.04  , 103    , Dekat Mic1
850557108, 4831.02    , 0.02  , 137    , 850561804, 1319.51   , 0.14  , 77     , Dekat Mic1
851061465, 3113.84    , 0.05  , 117    , 851066280, 2112.99   , 0.01  , 80     , Dekat Mic1
851562887, 83535.7    , 0.01  , 494    , 851557868, 2376.34   , 0.04  , 104    , Dekat Mic2
852065115, 4727.99    , 0.04  , 158    , 852056543, 1491.4    , 0.02  , 93     , Dekat Mic2
852565251, 2354.41    , 0.13  , 134    , 852557275, 1270.87   , 0.06  , 70     , Dekat Mic2
853062783, 1344697.75 , 0.0   , 1918   , 853058917, 3194.78   , 0.06  , 118    , Dekat Mic2
853563737, 10298.46   , 0.04  , 212    , 853564704, 3663.28   , 0.0   , 115    , Dekat Mic1
854065057, 3028.51    , 0.06  , 112    , 854065728, 3621.7    , 0.0   , 90     , Dekat Mic1
854566076, 8201.4     , 0.03  , 188    , 854563665, 858.9     , 0.03  , 57     , Dekat Mic2
855060431, 8828.18    , 0.04  , 191    , 855063273, 2460.58   , 0.0   , 78     , Dekat Mic1
855557233, 5392.94    , 0.04  , 152    , 855556985, 2279.99   , 0.0   , 100    , Dekat Mic2
856060370, 18458.17   , 0.02  , 232    , 856064238, 2895.27   , 0.03  , 101    , Dekat Mic1
856561152, 2551222.75 , 0.0   , 3194   , 856564921, 122011.83 , 0.01  , 593    , Dekat Mic1
857062508, 95944.31   , 0.01  , 475    , 857058933, 2748.2    , 0.02  , 94     , Dekat Mic2
857558964, 136311.25  , 0.01  , 645    , 857559418, 1508.59   , 0.04  , 79     , Dekat Mic1
858066140, 79535.39   , 0.01  , 373    , 858067242, 4797.92   , 0.02  , 126    , Dekat Mic1
858566851, 31786.18   , 0.01  , 298    , 858559553, 841.05    , 0.14  , 66     , Dekat Mic2
859062851, 16293.82   , 0.03  , 262    , 859061822, 3526.21   , 0.06  , 108    , Dekat Mic2
859559147, 6996.65    , 0.07  , 182    , 859559788, 4619.88   , 0.02  , 110    , Dekat Mic1
